pid	X	Y	pixelSpacingX	pixelSpacingY	sliceSpacing	scaleFactor
983	192	256	1.40625	1.40625	10.0	1.0
853	218	256	1.40625	1.40625	10.02	1.0
986	192	256	1.40625	1.40625	10.0	1.0
862	230	256	1.484375	1.484375	10.0	1.0
870	192	256	1.3085937649011674	1.3085937649011674	10.0	0.5714285714285714
878	192	256	1.484375	1.484375	8.0	1.0
719	192	256	1.40625	1.40625	10.0	0.5
796	192	256	1.40625	1.40625	10.0	0.5
736	192	256	1.40625	1.40625	10.0	0.5
1033	192	256	1.40625	1.40625	10.0	1.0
1130	192	256	1.5625	1.5625	10.0	1.0
737	192	256	1.40625	1.40625	10.0	0.5
860	192	256	1.40625	1.40625	10.0	1.0
973	192	256	1.40625	1.40625	10.0	1.0
1098	256	192	1.40625	1.40625	9.2	1.0
987	192	256	1.40625	1.40625	10.0	1.0
946	185	256	1.0546874552965237	1.0546874552965237	7.98	0.6153846153846154
740	192	256	1.25	1.25	8.0	1.0
1065	192	256	1.40625	1.40625	10.0	0.5
731	192	256	1.40625	1.40625	10.0	0.5
1088	192	256	1.40625	1.40625	10.0	1.0
858	192	256	1.3085937649011674	1.3085937649011674	8.0	0.5714285714285714
1023	256	192	1.40625	1.40625	10.0	1.0
888	256	192	1.40625	1.40625	10.0	0.5
1036	256	192	1.40625	1.40625	10.0	1.0
744	192	256	1.40625	1.40625	10.0	1.0
1005	192	256	1.40625	1.40625	10.0	1.0
1040	192	256	1.5625	1.5625	10.0	1.0
830	192	256	1.484375	1.484375	10.0	1.0
809	218	256	1.40625	1.40625	10.0	1.0
892	192	256	1.640625	1.640625	10.0	1.0
1086	192	256	1.40625	1.40625	10.0	1.0
886	256	192	1.40625	1.40625	9.0	1.0
801	192	256	1.5625	1.5625	10.0	1.0
923	256	192	1.5625	1.5625	10.0	1.0
811	192	256	1.5625	1.5625	10.0	1.0
1096	192	256	1.40625	1.40625	10.0	1.0
936	218	256	1.40625	1.40625	10.0	1.0
1009	192	256	1.3085937649011674	1.3085937649011674	10.0	0.5714285714285714
711	256	192	1.0546874552965237	1.0546874552965237	7.98	0.6153846153846154
1103	192	256	1.40625	1.40625	10.0	1.0
1059	256	192	1.40625	1.40625	9.6	1.0
721_b	192	256	1.40625	1.40625	7.98	0.5
1083	192	256	1.5625	1.5625	10.0	1.0
964	192	256	1.40625	1.40625	10.0	1.0
951	192	256	1.40625	1.40625	10.0	1.0
1072	192	256	1.25	1.25	10.0	1.0
827	192	256	1.5625	1.5625	10.0	1.0
982	218	256	1.40625	1.40625	10.0	1.0
1061	256	192	1.5625	1.5625	10.0	1.0
859	192	256	1.40625	1.40625	10.0	1.0
1134	208	256	1.40625	1.40625	10.0	0.5
730	192	256	1.40625	1.40625	10.0	0.5
962	192	256	1.40625	1.40625	8.7	1.0
1024	192	256	1.40625	1.40625	10.0	0.5
933	256	192	1.5625	1.5625	10.0	1.0
954	192	256	1.953125	1.953125	10.02	1.0
768	256	192	1.5625	1.5625	10.0	1.0
934	256	192	1.40625	1.40625	10.0	1.0
1093	192	256	1.40625	1.40625	8.8	1.0
931	256	192	1.40625	1.40625	10.0	1.0
1090	192	256	1.40625	1.40625	10.0	1.0
1105	192	256	1.40625	1.40625	10.0	1.0
884	184	256	1.40625	1.40625	10.0	0.5
839	192	256	1.40625	1.40625	10.0	1.0
980	192	256	1.5625	1.5625	10.0	1.0
881	192	256	1.40625	1.40625	10.0	1.0
1100	192	256	1.40625	1.40625	10.0	1.0
891	256	192	1.40625	1.40625	10.0	1.0
1077	192	256	1.40625	1.40625	10.0	1.0
1041	218	256	1.40625	1.40625	10.0	1.0
845	256	208	1.296875	1.296875	10.0	0.5
846	192	256	1.40625	1.40625	10.0	1.0
789	192	256	1.03125	1.03125	7.98	0.7272727272727273
1058	192	256	1.40625	1.40625	10.0	1.0
713	208	256	1.40625	1.40625	10.0	0.5
761	192	256	1.40625	1.40625	10.0	1.0
1082_a	192	256	1.40625	1.40625	10.0	0.5
739	192	256	1.40625	1.40625	10.0	1.0
752	192	256	1.40625	1.40625	10.0	0.5
1069	256	192	1.40625	1.40625	10.0	0.5
825	256	192	1.40625	1.40625	10.0	1.0
968	256	192	1.40625	1.40625	10.0	1.0
865	256	192	1.40625	1.40625	10.0	1.0
1034	218	256	1.484375	1.484375	9.0	1.0
873	230	256	1.5625	1.5625	10.02	1.0
714	256	192	1.40625	1.40625	10.0	1.0
1027	192	256	1.3085937649011674	1.3085937649011674	10.0	0.5714285714285714
1007	256	192	1.03125	1.03125	10.0	0.7272727272727273
1011	192	256	1.40625	1.40625	10.0	1.0
821	256	192	1.40625	1.40625	10.0	1.0
942	256	256	1.40625	1.40625	10.0	1.0
843	192	256	1.40625	1.40625	10.0	0.5
1062	230	256	1.484375	1.484375	10.02	1.0
978	218	256	1.40625	1.40625	10.0	1.0
721_a	192	256	1.0546874552965237	1.0546874552965237	7.98	0.6153846153846154
1078	218	256	1.40625	1.40625	10.0	1.0
1060	192	256	1.40625	1.40625	10.0	1.0
1018	192	256	1.5625	1.5625	10.0	1.0
1117	218	256	1.5625	1.5625	10.0	1.0
715	192	256	1.40625	1.40625	10.0	1.0
763	192	256	1.40625	1.40625	10.0	1.0
701	192	256	1.40625	1.40625	10.0	1.0
772	192	256	1.78125	1.78125	10.0	0.42105263157894735
864	192	256	1.40625	1.40625	10.0	1.0
777	192	256	1.40625	1.40625	10.0	0.5
1070	192	256	1.40625	1.40625	10.0	0.5
750	256	192	1.40625	1.40625	10.02	1.0
889	192	256	1.5625	1.5625	10.0	1.0
896	256	192	1.5625	1.5625	10.0	1.0
988	256	192	1.40625	1.40625	10.0	1.0
1137	192	256	1.40625	1.40625	10.0	1.0
1118	256	192	1.40625	1.40625	10.0	1.0
1047	192	256	1.40625	1.40625	8.0	1.0
708	192	256	1.40625	1.40625	10.0	1.0
1013	256	192	1.40625	1.40625	10.0	0.5
961	192	256	1.40625	1.40625	10.0	1.0
1104	256	192	1.40625	1.40625	10.0	1.0
754	192	256	1.40625	1.40625	10.0	1.0
991	192	256	1.40625	1.40625	10.0	1.0
861	192	256	1.40625	1.40625	10.0	1.0
1051	218	256	1.40625	1.40625	10.0	1.0
1076	192	256	1.40625	1.40625	10.0	1.0
953	192	256	1.40625	1.40625	10.0	1.0
967	192	256	1.40625	1.40625	10.0	1.0
916	192	256	1.3085937649011674	1.3085937649011674	8.96	0.5714285714285714
867	256	192	1.40625	1.40625	10.0	1.0
1111_b	192	256	1.40625	1.40625	10.0	0.5
835	256	192	1.3085937649011674	1.3085937649011674	10.0	0.5714285714285714
869	218	256	1.40625	1.40625	10.0	1.0
912	256	192	1.5625	1.5625	10.0	1.0
949	192	256	1.0546874552965237	1.0546874552965237	7.98	0.6153846153846154
885	256	192	1.40625	1.40625	10.0	1.0
955	218	256	1.40625	1.40625	10.02	1.0
1121	192	256	1.40625	1.40625	10.0	1.0
818	256	192	1.40625	1.40625	10.02	1.0
1074	192	256	1.3085937649011674	1.3085937649011674	10.0	0.5714285714285714
1039	192	256	1.40625	1.40625	10.0	0.5
1135	192	256	1.40625	1.40625	10.0	0.5
1008	256	192	1.40625	1.40625	10.0	0.5
755	192	256	1.40625	1.40625	10.0	0.5
805	192	256	1.40625	1.40625	10.0	1.0
981	192	256	1.40625	1.40625	10.0	1.0
780	192	256	1.484375	1.484375	10.0	1.0
952	192	256	1.40625	1.40625	10.0	1.0
792	230	256	1.328125	1.328125	10.0	1.0
841	192	256	1.40625	1.40625	10.0	1.0
1057	192	256	1.296875	1.296875	10.0	0.5
898	177	256	1.0546875521540637	1.0546875521540637	6.0	0.6153846153846154
712	256	256	1.40625	1.40625	10.0	1.0
746	192	256	1.0546874552965237	1.0546874552965237	10.0	0.6153846153846154
938	192	256	1.5625	1.5625	10.0	1.0
822	192	256	1.40625	1.40625	10.0	1.0
1025	256	192	1.5625	1.5625	10.0	1.0
1050	256	192	1.5625	1.5625	10.0	1.0
826	256	192	1.5625	1.5625	10.0	1.0
993	192	256	1.40625	1.40625	10.02	1.0
771	256	192	1.40625	1.40625	10.0	1.0
1046	192	256	1.40625	1.40625	10.0	1.0
866	218	256	1.40625	1.40625	10.02	1.0
829	192	256	1.40625	1.40625	10.0	1.0
927	218	256	1.40625	1.40625	10.0	1.0
819	218	256	1.328125	1.328125	10.0	1.0
774	192	256	1.40625	1.40625	10.0	1.0
824	256	192	1.40625	1.40625	10.0	1.0
1003	192	256	1.40625	1.40625	10.0	1.0
919	192	256	1.78125	1.78125	10.0	0.42105263157894735
704	218	256	1.40625	1.40625	10.0	1.0
1037	218	256	1.40625	1.40625	10.02	1.0
743	192	256	1.40625	1.40625	10.0	1.0
1017	230	256	1.2890625	1.2890625	10.02	1.0
797	192	256	1.40625	1.40625	10.0	1.0
876	192	256	1.40625	1.40625	10.0	1.0
1001	256	192	1.40625	1.40625	10.0	1.0
764	192	256	1.40625	1.40625	10.0	0.5
894	256	208	1.296875	1.296875	10.0	0.5
1139	192	256	1.40625	1.40625	10.0	1.0
1002	192	256	1.40625	1.40625	10.0	1.0
1049	192	256	1.40625	1.40625	10.0	1.0
932	192	256	1.40625	1.40625	10.0	1.0
910	256	192	1.40625	1.40625	10.02	1.0
810	256	218	1.40625	1.40625	10.02	1.0
1101	192	256	1.296875	1.296875	10.0	0.5
815	256	192	1.3085937649011674	1.3085937649011674	10.0	0.5714285714285714
1113	192	256	1.40625	1.40625	10.0	1.0
837	192	256	1.40625	1.40625	10.0	1.0
935	192	256	1.40625	1.40625	10.0	1.0
997	192	256	1.296875	1.296875	10.0	0.5
1035	256	192	1.40625	1.40625	10.0	1.0
706	192	256	1.40625	1.40625	10.0	1.0
718	192	256	1.5625	1.5625	10.0	1.0
838	218	256	1.40625	1.40625	10.0	1.0
729	218	256	1.40625	1.40625	10.02	1.0
852	192	256	1.40625	1.40625	10.0	1.0
1042	192	256	1.640625	1.640625	10.0	1.0
976	192	256	0.812499970197675	0.812499970197675	6.0	0.8
874	256	256	1.484375	1.484375	10.0	1.0
1136	192	256	1.296875	1.296875	10.0	0.5
868	192	256	1.40625	1.40625	10.02	1.0
945	192	256	1.40625	1.40625	10.0	1.0
887	192	256	1.40625	1.40625	10.0	1.0
1097	256	192	1.40625	1.40625	10.0	1.0
902	192	256	1.40625	1.40625	10.0	0.5
1080	256	192	1.40625	1.40625	10.0	1.0
969	256	166	1.40625	1.40625	9.6	1.0
757	192	256	1.03125	1.03125	7.98	0.6666666666666666
925	256	192	1.40625	1.40625	10.0	0.5
1115	256	192	1.40625	1.40625	10.0	1.0
802	192	256	1.40625	1.40625	10.0	1.0
928	256	192	1.40625	1.40625	10.0	1.0
871	192	256	1.40625	1.40625	10.02	1.0
834	192	256	1.40625	1.40625	10.0	0.5
812	192	256	1.5625	1.5625	10.0	1.0
1044	192	256	1.5625	1.5625	10.0	1.0
798	192	256	1.40625	1.40625	10.0	1.0
1032	192	256	1.40625	1.40625	10.0	1.0
937	192	256	1.40625	1.40625	10.0	1.0
1119	230	256	1.40625	1.40625	10.0	1.0
814	192	256	1.40625	1.40625	8.0	1.0
1016	256	192	1.40625	1.40625	10.0	1.0
911	192	256	1.40625	1.40625	10.0	1.0
972	256	192	1.40625	1.40625	10.0	1.0
883	192	256	1.40625	1.40625	10.0	1.0
803	192	256	1.40625	1.40625	10.02	1.0
1064	192	256	1.40625	1.40625	9.6	1.0
977	218	256	1.40625	1.40625	10.0	1.0
990	218	256	1.640625	1.640625	10.02	1.0
1125	192	256	1.40625	1.40625	10.0	1.0
787	192	256	1.5625	1.5625	10.0	1.0
905	192	256	1.5625	1.5625	10.0	1.0
748	192	256	1.40625	1.40625	10.0	1.0
1019	256	192	1.40625	1.40625	10.02	1.0
1063	256	192	1.640625	1.640625	10.0	0.5
723	256	192	1.5625	1.5625	10.0	1.0
941	192	256	1.40625	1.40625	9.6	1.0
806	192	256	1.40625	1.40625	10.0	1.0
1022	256	192	1.40625	1.40625	10.0	1.0
890	192	256	1.7578125	1.7578125	10.0	1.0
707	192	256	1.3085937649011674	1.3085937649011674	10.0	0.5714285714285714
903	192	256	1.5625	1.5625	10.0	1.0
971	192	256	1.78125	1.78125	10.0	0.42105263157894735
804	256	218	1.40625	1.40625	10.0	1.0
753	192	256	1.7890625149011725	1.7890625149011725	10.0	0.36363636363636365
1010	256	192	1.0546874552965237	1.0546874552965237	7.98	0.6153846153846154
726	192	256	1.40625	1.40625	10.0	0.5
1106	192	256	1.40625	1.40625	10.0	1.0
930	192	256	1.40625	1.40625	10.0	1.0
1124	192	256	1.40625	1.40625	10.0	1.0
820	230	256	1.484375	1.484375	10.02	1.0
832	192	256	0.8906249701976825	0.8906249701976825	6.0	0.7272727272727273
760	192	256	1.40625	1.40625	10.0	0.5
749	192	256	1.40625	1.40625	10.0	0.5
893	192	256	1.5625	1.5625	10.0	1.0
900	230	256	1.40625	1.40625	10.0	1.0
781	256	192	1.40625	1.40625	10.0	1.0
795	192	256	1.40625	1.40625	10.0	1.0
1120	192	256	1.40625	1.40625	10.0	1.0
970	192	256	1.40625	1.40625	8.8	1.0
1053	256	192	1.40625	1.40625	10.0	1.0
926	218	256	1.40625	1.40625	10.02	1.0
1087	256	192	1.40625	1.40625	10.0	0.5
717	256	218	1.40625	1.40625	10.02	1.0
727	176	256	1.40625	1.40625	10.0	0.5
1138	192	256	1.78125	1.78125	10.0	0.42105263157894735
800	192	256	1.3085937649011674	1.3085937649011674	10.0	0.5714285714285714
1000	192	256	1.40625	1.40625	10.0	1.0
1102	256	192	1.40625	1.40625	10.02	1.0
735	192	256	1.40625	1.40625	10.0	1.0
901	192	256	1.5625	1.5625	10.0	1.0
785	192	256	1.7578125	1.7578125	10.0	1.0
1054	256	192	1.40625	1.40625	10.0	1.0
1108	192	256	1.40625	1.40625	10.0	1.0
738	192	256	1.40625	1.40625	10.0	1.0
1133	256	192	1.40625	1.40625	10.0	1.0
974	256	192	1.5625	1.5625	10.0	1.0
1067	256	192	1.40625	1.40625	10.0	1.0
904	230	256	1.484375	1.484375	10.02	1.0
823	192	256	1.40625	1.40625	10.0	0.5
702	192	256	1.03125	1.03125	7.98	0.7272727272727273
783	256	192	1.40625	1.40625	10.0	1.0
907	230	256	1.953125	1.953125	10.0	1.0
1091	256	192	1.40625	1.40625	10.02	1.0
989	192	256	1.3085937649011674	1.3085937649011674	10.0	0.5714285714285714
914	192	256	1.40625	1.40625	10.0	0.5
725	256	192	1.5625	1.5625	10.0	1.0
1128	230	256	1.484375	1.484375	10.02	1.0
1006	192	256	1.5625	1.5625	10.0	1.0
899	192	256	1.40625	1.40625	10.0	1.0
882	218	256	1.40625	1.40625	10.0	1.0
1056	192	256	1.5625	1.5625	10.0	1.0
769	192	256	1.40625	1.40625	10.0	1.0
1021	192	256	1.328125	1.328125	10.0	1.0
872	192	256	0.84375	0.84375	5.0	0.8888888888888888
992	192	256	1.40625	1.40625	10.0	1.0
724	192	256	1.3085937649011674	1.3085937649011674	10.0	0.5714285714285714
794	192	256	1.40625	1.40625	10.0	1.0
1107	204	256	1.484375	1.484375	10.0	1.0
960	192	256	0.84375	0.84375	6.0	0.8888888888888888
791	208	256	1.40625	1.40625	10.0	0.5
1068	192	256	1.40625	1.40625	10.0	0.5
1092	192	256	1.40625	1.40625	10.0	1.0
716	218	256	1.40625	1.40625	10.0	1.0
880	192	256	1.5625	1.5625	10.0	1.0
1084	192	256	1.40625	1.40625	10.0	1.0
828	256	192	1.3085937649011674	1.3085937649011674	10.0	0.5714285714285714
1075	192	256	1.40625	1.40625	10.0	0.5
1043	256	192	1.40625	1.40625	10.0	1.0
879	218	256	1.40625	1.40625	10.02	1.0
1132	218	256	1.484375	1.484375	10.0	1.0
875	192	256	0.812499970197675	0.812499970197675	6.0	0.8
1082_b	192	256	1.40625	1.40625	10.0	0.5
782	192	256	1.40625	1.40625	10.0	1.0
897	256	192	1.5625	1.5625	10.0	1.0
996	192	256	1.3085937649011674	1.3085937649011674	10.0	0.5714285714285714
1048	192	256	1.296875	1.296875	10.0	0.5
847	256	192	1.03125	1.03125	7.98	0.7272727272727273
921	192	256	1.40625	1.40625	10.0	1.0
944	256	256	1.484375	1.484375	10.0	1.0
766	192	256	1.40625	1.40625	10.0	1.0
741	192	256	1.5625	1.5625	10.0	1.0
767	192	256	1.40625	1.40625	10.0	1.0
1020	192	256	1.5625	1.5625	10.0	1.0
850	192	256	1.40625	1.40625	10.0	0.5
775	192	256	0.812499970197675	0.812499970197675	6.0	0.8
1094	256	192	1.0312500298023175	1.0312500298023175	6.0	0.5714285714285714
1085	192	256	1.40625	1.40625	10.0	1.0
790	192	256	1.40625	1.40625	10.0	1.0
851	256	192	1.40625	1.40625	10.0	1.0
975	192	256	1.296875	1.296875	10.0	0.5
1015	192	256	1.40625	1.40625	9.6	1.0
1052	256	192	1.5625	1.5625	10.0	1.0
756	256	256	1.5625	1.5625	10.0	1.0
995	192	256	1.5625	1.5625	10.0	1.0
1030	192	256	1.5625	1.5625	10.0	1.0
840	192	256	1.40625	1.40625	10.0	1.0
877	192	256	1.484375	1.484375	10.02	1.0
1055	256	192	1.5625	1.5625	10.0	1.0
1123	192	256	1.40625	1.40625	10.0	1.0
759	192	256	1.40625	1.40625	10.0	0.5
913	256	192	1.40625	1.40625	10.0	1.0
848	192	256	1.296875	1.296875	10.0	0.5
979	256	256	1.484375	1.484375	10.0	1.0
957	256	192	1.40625	1.40625	10.0	1.0
720	256	192	1.0546874552965237	1.0546874552965237	7.98	0.6153846153846154
1126	192	256	1.0546874552965237	1.0546874552965237	7.98	0.6153846153846154
998	256	192	1.40625	1.40625	10.0	1.0
1122	192	256	1.5625	1.5625	10.0	1.0
808	192	256	1.3085937649011674	1.3085937649011674	10.0	0.5714285714285714
908	192	256	1.5625	1.5625	10.0	1.0
773	192	256	1.5625	1.5625	10.0	1.0
1129	192	256	0.8906249701976825	0.8906249701976825	6.0	0.7272727272727273
918	192	256	1.484375	1.484375	10.0	0.5
984	192	256	1.40625	1.40625	10.0	1.0
1073	218	256	1.7578125	1.7578125	10.0	1.0
793_b	192	256	1.40625	1.40625	10.0	0.5
1114	192	256	1.5625	1.5625	10.0	1.0
943	192	256	1.40625	1.40625	10.0	1.0
703	256	192	1.40625	1.40625	10.0	1.0
917	192	256	1.5625	1.5625	10.0	1.0
947	192	256	1.406249955296515	1.406249955296515	10.0	0.5714285714285714
747	192	256	1.40625	1.40625	10.0	1.0
1045	192	256	1.40625	1.40625	10.0	1.0
765	256	192	1.40625	1.40625	10.0	1.0
788	256	192	1.5625	1.5625	10.0	1.0
950	192	256	1.40625	1.40625	10.0	1.0
1004	192	256	1.40625	1.40625	10.0	1.0
956	192	256	1.40625	1.40625	10.0	1.0
745	192	256	1.40625	1.40625	10.0	1.0
842	218	256	1.40625	1.40625	10.0	1.0
1116	192	256	1.484375	1.484375	10.0	1.0
1012	192	256	1.40625	1.40625	10.0	0.5
722	192	256	1.40625	1.40625	10.0	1.0
813	192	256	1.40625	1.40625	10.02	1.0
958	192	256	1.78125	1.78125	10.0	0.42105263157894735
1081	192	256	0.8906249701976825	0.8906249701976825	6.0	0.7272727272727273
1031	256	192	1.3085937649011674	1.3085937649011674	10.0	0.5714285714285714
1111_a	192	256	1.40625	1.40625	10.0	0.5
705	256	192	1.40625	1.40625	10.0	1.0
940	192	256	1.5625	1.5625	10.0	1.0
855	192	256	1.40625	1.40625	10.0	1.0
1127	256	192	1.0859374776482535	1.0859374776482535	7.98	0.6153846153846154
817	192	256	1.40625	1.40625	10.0	1.0
1112	256	192	1.40625	1.40625	10.0	1.0
732	192	256	1.40625	1.40625	10.0	1.0
1029	192	256	1.296875	1.296875	10.0	0.5
831	192	256	0.8906249701976825	0.8906249701976825	6.0	0.7272727272727273
793_a	216	256	1.40625	1.40625	10.0	0.5
833	256	192	1.03125	1.03125	10.0	0.7272727272727273
857	256	192	1.875	1.875	10.0	1.0
999	192	256	1.5625	1.5625	10.0	1.0
762	192	256	1.484375	1.484375	9.6	1.0
948	256	192	1.40625	1.40625	10.02	1.0
915	192	256	1.40625	1.40625	10.02	1.0
734	192	256	1.40625	1.40625	10.0	1.0
1140	192	256	1.40625	1.40625	10.0	0.5
963	192	256	1.25	1.25	9.0	1.0
776	218	256	1.40625	1.40625	10.0	1.0
786	192	256	1.40625	1.40625	10.0	1.0
856	192	256	1.40625	1.40625	10.0	1.0
929	192	256	1.40625	1.40625	10.0	1.0
939	192	256	1.40625	1.40625	10.0	1.0
1095	256	256	1.71875	1.71875	10.02	1.0
779	192	256	1.5625	1.5625	10.0	1.0
728	218	256	1.40625	1.40625	10.02	1.0
770	192	256	1.40625	1.40625	10.0	1.0
909	256	192	1.40625	1.40625	10.0	1.0
1014	192	256	1.40625	1.40625	10.0	1.0
1028	192	256	1.40625	1.40625	10.0	1.0
1038	192	256	1.40625	1.40625	10.0	1.0
959	192	256	1.40625	1.40625	10.02	1.0
1071	192	256	1.40625	1.40625	10.0	1.0
844	192	256	1.7890625149011725	1.7890625149011725	10.0	0.36363636363636365
836	192	256	1.328125	1.328125	10.0	1.0
733	192	256	1.40625	1.40625	10.0	0.5
1079	192	256	1.40625	1.40625	8.0	1.0
994	192	256	1.296875	1.296875	10.0	0.5
924	192	256	1.296875	1.296875	10.0	0.5
922	256	192	1.5625	1.5625	10.0	1.0
778	218	256	1.40625	1.40625	10.0	1.0
966	192	256	1.40625	1.40625	10.0	1.0
1089	192	256	1.40625	1.40625	10.0	0.5
799	192	256	1.40625	1.40625	10.0	1.0
965	192	256	1.40625	1.40625	10.0	0.5
758	218	256	1.40625	1.40625	10.0	1.0
1109	218	256	1.40625	1.40625	10.02	1.0
1131	192	256	1.5625	1.5625	10.0	1.0
784	192	256	1.40625	1.40625	10.0	0.5
1066	192	256	1.40625	1.40625	10.0	1.0
849	256	192	1.7890625149011725	1.7890625149011725	10.0	0.36363636363636365
709	192	256	1.40625	1.40625	10.0	1.0
920	192	256	1.25	1.25	10.0	1.0
985	192	256	1.296875	1.296875	10.0	0.5
863	192	256	1.03125	1.03125	7.98	0.7272727272727273
807	192	256	1.40625	1.40625	10.02	1.0
1026	192	256	1.5625	1.5625	10.0	1.0
1099	192	256	1.40625	1.40625	10.0	1.0
895	192	256	1.5625	1.5625	10.0	1.0
906	256	192	1.40625	1.40625	10.0	1.0
1110	192	256	1.40625	1.40625	10.0	1.0
710	192	256	1.3085937649011674	1.3085937649011674	10.0	0.5714285714285714
854	192	256	1.3085937649011674	1.3085937649011674	10.0	0.5714285714285714
816	256	256	1.328125	1.328125	10.0	1.0
751	192	256	1.40625	1.40625	10.0	0.5
742	256	192	1.25	1.25	10.0	1.0
373	192	256	1.40625	1.40625	10.0	1.0
375	192	256	1.40625	1.40625	10.0	0.5
171	192	256	1.40625	1.40625	10.0	0.5
275	192	256	1.5625	1.5625	10.0	1.0
123_b	192	256	1.40625	1.40625	10.0	0.5
238	192	256	1.40625	1.40625	10.0	1.0
112	204	256	1.484375	1.484375	10.0	1.0
190	192	256	1.40625	1.40625	10.0	1.0
469	192	256	1.40625	1.40625	10.0	1.0
131	192	256	1.3085937649011674	1.3085937649011674	10.0	0.5714285714285714
389	256	192	1.5625	1.5625	10.0	1.0
348	192	256	1.5625	1.5625	10.0	1.0
289	192	256	1.40625	1.40625	10.0	1.0
342	256	192	1.40625	1.40625	10.0	1.0
181	256	192	1.5625	1.5625	10.0	1.0
64	192	256	1.7890625149011725	1.7890625149011725	10.0	0.36363636363636365
430	192	256	1.5625	1.5625	10.0	1.0
287	192	256	1.40625	1.40625	10.02	1.0
271	256	192	1.484375	1.484375	10.0	1.0
94	192	256	1.40625	1.40625	10.0	1.0
423	192	256	1.40625	1.40625	10.0	1.0
152	256	192	1.40625	1.40625	10.0	1.0
310	192	256	1.40625	1.40625	10.0	1.0
336	192	256	1.40625	1.40625	10.0	0.5
293	256	192	1.40625	1.40625	10.0	0.5
319	192	256	1.40625	1.40625	10.0	1.0
162	192	256	1.40625	1.40625	10.0	0.5
98	192	256	1.40625	1.40625	10.0	0.5
388	256	192	1.40625	1.40625	10.0	0.5
369	192	256	1.78125	1.78125	10.0	0.42105263157894735
359	256	192	1.40625	1.40625	10.0	1.0
68	256	192	1.40625	1.40625	10.0	1.0
60	166	256	1.328125	1.328125	10.0	1.0
180	192	256	1.40625	1.40625	10.0	1.0
313	192	256	1.3085937649011674	1.3085937649011674	10.0	0.5714285714285714
395	256	218	1.40625	1.40625	10.02	1.0
300	216	256	1.40625	1.40625	10.0	0.5
372	256	192	1.5625	1.5625	10.0	1.0
15	192	256	1.40625	1.40625	10.0	1.0
358	256	192	1.40625	1.40625	10.0	1.0
108	192	256	1.0546874552965237	1.0546874552965237	7.98	0.6153846153846154
214	192	256	1.40625	1.40625	10.0	1.0
20	256	192	1.40625	1.40625	10.0	1.0
331	192	256	1.40625	1.40625	10.0	1.0
73	192	256	1.5625	1.5625	10.0	1.0
104	192	256	1.40625	1.40625	10.0	1.0
86	192	256	1.40625	1.40625	10.0	1.0
437_b	218	256	1.5625	1.5625	10.0	1.0
6	192	256	1.40625	1.40625	10.0	1.0
183	218	256	1.40625	1.40625	10.02	1.0
377	208	256	1.40625	1.40625	10.0	0.5
100	192	256	1.66015625	1.66015625	10.0	1.0
54	192	256	1.3085937649011674	1.3085937649011674	10.0	0.5714285714285714
427	192	256	1.0546874552965237	1.0546874552965237	6.0	0.6153846153846154
453	256	192	1.40625	1.40625	10.0	1.0
184	192	256	1.40625	1.40625	10.0	1.0
103	192	256	1.40625	1.40625	10.0	1.0
324	206	256	1.484375	1.484375	10.0	1.0
323	192	256	1.0546874552965237	1.0546874552965237	7.98	0.6153846153846154
255	192	256	1.40625	1.40625	10.0	1.0
488	192	256	1.40625	1.40625	10.0	1.0
28	192	256	1.640625	1.640625	10.0	1.0
370	192	256	1.328125	1.328125	10.0	1.0
474	192	256	1.40625	1.40625	10.0	1.0
46	256	192	1.40625	1.40625	10.0	1.0
186	192	256	1.40625	1.40625	10.02	1.0
120	256	192	1.3085937649011674	1.3085937649011674	7.98	0.5714285714285714
416	256	230	1.40625	1.40625	10.0	1.0
443	192	256	1.40625	1.40625	10.0	1.0
258	256	192	1.5625	1.5625	10.0	1.0
41	256	256	1.484375	1.484375	10.0	1.0
11	192	256	1.40625	1.40625	10.0	1.0
26	192	256	1.40625	1.40625	10.0	0.5
406	256	192	1.40625	1.40625	10.0	1.0
233	192	256	1.40625	1.40625	10.0	1.0
227	192	256	1.40625	1.40625	10.0	1.0
274	192	256	1.40625	1.40625	9.6	1.0
211	192	256	1.40625	1.40625	10.0	1.0
442	192	256	1.40625	1.40625	10.0	1.0
144	256	192	1.40625	1.40625	8.8	1.0
8	218	256	1.7578125	1.7578125	10.0	1.0
371	192	256	1.3085937649011674	1.3085937649011674	10.0	0.5714285714285714
341	192	256	1.3085937649011674	1.3085937649011674	10.0	0.5714285714285714
157	192	256	1.40625	1.40625	10.0	1.0
121	256	192	1.296875	1.296875	10.0	0.5
444	256	192	1.3085937649011674	1.3085937649011674	10.0	0.5714285714285714
47	256	192	1.40625	1.40625	10.0	0.5
476	192	256	0.8906249701976825	0.8906249701976825	6.0	0.7272727272727273
242	192	256	1.40625	1.40625	10.0	1.0
32	192	256	1.40625	1.40625	10.0	0.5
435	192	256	1.40625	1.40625	10.0	1.0
105	192	256	1.03125	1.03125	6.0	0.7272727272727273
466	192	256	1.40625	1.40625	10.0	1.0
465	192	256	1.03125	1.03125	7.98	0.7272727272727273
142	192	256	1.5625	1.5625	10.0	1.0
316	256	192	1.40625	1.40625	10.0	1.0
355	192	256	1.40625	1.40625	10.0	1.0
53	192	256	1.40625	1.40625	10.0	1.0
479	192	256	1.5625	1.5625	10.0	1.0
279	192	256	1.0546874552965237	1.0546874552965237	6.0	0.6153846153846154
31	256	192	1.328125	1.328125	10.0	1.0
262	256	218	1.40625	1.40625	10.0	1.0
153	192	256	1.40625	1.40625	10.0	1.0
228	256	192	1.5625	1.5625	10.0	1.0
298	218	256	1.40625	1.40625	10.0	1.0
124	192	256	1.40625	1.40625	10.0	1.0
270	192	256	1.328125	1.328125	10.0	1.0
415	192	256	0.8906249701976825	0.8906249701976825	5.0	0.7272727272727273
399	256	192	1.40625	1.40625	10.0	1.0
490	192	256	1.5625	1.5625	10.0	1.0
106	192	256	1.5625	1.5625	10.0	1.0
268	218	256	1.40625	1.40625	10.0	1.0
220	192	256	1.40625	1.40625	10.0	1.0
356	256	256	1.5625	1.5625	10.0	1.0
65	256	256	1.71875	1.71875	10.0	1.0
85	192	256	1.40625	1.40625	10.0	1.0
34	256	192	1.5625	1.5625	10.0	1.0
206	192	256	1.3085937649011674	1.3085937649011674	10.0	0.5714285714285714
57	192	256	1.40625	1.40625	10.0	1.0
95	192	256	1.40625	1.40625	10.0	0.5
134	192	256	1.40625	1.40625	10.0	1.0
437_a	192	256	1.5625	1.5625	10.0	1.0
177	256	256	1.40625	1.40625	10.0	1.0
10	192	256	1.40625	1.40625	10.0	1.0
352	192	256	1.5625	1.5625	10.0	1.0
203	256	256	1.5625	1.5625	10.0	1.0
199	218	256	1.484375	1.484375	10.0	1.0
297	192	256	1.3085937649011674	1.3085937649011674	10.0	0.5714285714285714
366	256	192	1.40625	1.40625	10.02	1.0
96	192	256	1.5625	1.5625	10.0	1.0
321	192	256	1.03125	1.03125	7.98	0.7272727272727273
267	192	256	1.484375	1.484375	10.0	1.0
14	192	256	1.40625	1.40625	10.0	1.0
80	192	256	1.40625	1.40625	10.02	1.0
123_a	192	256	1.40625	1.40625	10.0	0.5
418	192	256	1.5625	1.5625	10.0	1.0
56	192	256	1.40625	1.40625	10.0	1.0
5	256	192	1.40625	1.40625	10.0	1.0
425	192	256	1.78125	1.78125	10.0	0.42105263157894735
422	192	256	1.40625	1.40625	10.0	1.0
191	256	192	1.5625	1.5625	10.0	1.0
16	192	256	1.5625	1.5625	10.0	1.0
252	192	256	1.5625	1.5625	10.0	1.0
243	192	256	1.0546874552965237	1.0546874552965237	7.98	0.6153846153846154
146	192	256	1.40625	1.40625	10.0	1.0
320	192	256	1.5625	1.5625	8.8	1.0
284	192	256	1.40625	1.40625	10.0	0.5
458	192	256	1.40625	1.40625	10.0	1.0
188	256	192	1.328125	1.328125	10.0	1.0
90	256	192	1.40625	1.40625	10.0	1.0
76	256	208	1.296875	1.296875	10.0	0.5
42	180	256	1.25	1.25	10.0	1.0
367	192	256	1.40625	1.40625	10.0	0.5
385	192	256	1.40625	1.40625	10.0	1.0
93	192	256	1.71875	1.71875	10.0	1.0
139	192	256	1.78125	1.78125	10.0	0.42105263157894735
368	192	256	1.7578125	1.7578125	10.0	1.0
259	192	256	1.40625	1.40625	10.0	1.0
51	192	256	1.40625	1.40625	10.0	0.5
248	208	256	1.40625	1.40625	10.0	0.5
234	192	256	1.40625	1.40625	10.0	0.5
115	192	256	1.40625	1.40625	10.02	1.0
374	192	256	1.40625	1.40625	10.0	0.5
363	192	256	1.40625	1.40625	10.0	1.0
58	256	192	1.5625	1.5625	10.0	1.0
212	177	256	1.0546875521540637	1.0546875521540637	6.0	0.6153846153846154
217	192	256	1.40625	1.40625	10.0	1.0
290	192	256	1.40625	1.40625	10.0	1.0
263	192	256	1.40625	1.40625	10.0	1.0
161	192	256	1.7578125	1.7578125	10.0	1.0
277	192	256	1.484375	1.484375	10.0	1.0
420	192	256	1.40625	1.40625	10.0	1.0
116	192	256	1.5625	1.5625	10.0	1.0
390	192	256	0.84375	0.84375	5.0	0.8888888888888888
251	192	256	1.40625	1.40625	10.0	1.0
221	256	192	1.40625	1.40625	10.0	1.0
282	192	256	1.40625	1.40625	10.0	1.0
340	192	256	1.5625	1.5625	10.0	1.0
403	192	256	1.40625	1.40625	10.0	1.0
335	192	256	1.5625	1.5625	10.0	1.0
432	192	256	1.7578125	1.7578125	10.0	1.0
247	218	256	1.5625	1.5625	10.02	1.0
129	192	256	1.0546874552965237	1.0546874552965237	7.98	0.6153846153846154
344	192	256	1.40625	1.40625	10.0	0.5
23	192	256	1.3085937649011674	1.3085937649011674	10.0	0.5714285714285714
222	218	256	1.40625	1.40625	10.0	1.0
266	192	256	1.40625	1.40625	10.02	1.0
138	192	256	1.40625	1.40625	10.02	1.0
381	192	256	1.296875	1.296875	10.0	0.5
135	192	256	1.40625	1.40625	10.0	1.0
392	192	256	1.40625	1.40625	10.0	1.0
118	256	180	1.25	1.25	10.0	1.0
149	256	192	1.0546874552965237	1.0546874552965237	7.98	0.6153846153846154
308	192	256	1.40625	1.40625	10.0	1.0
383	256	192	1.40625	1.40625	10.0	1.0
261	192	256	1.40625	1.40625	10.0	1.0
215	256	192	1.0546874552965237	1.0546874552965237	7.98	0.6153846153846154
62	192	256	1.3085937649011674	1.3085937649011674	10.0	0.5714285714285714
397	192	256	1.40625	1.40625	10.0	1.0
205	192	256	1.5625	1.5625	10.0	1.0
494	192	256	1.484375	1.484375	10.0	1.0
168	256	192	1.40625	1.40625	10.0	1.0
218	230	256	1.40625	1.40625	10.0	1.0
151	192	256	1.40625	1.40625	10.02	1.0
169	256	192	1.40625	1.40625	10.0	1.0
128	192	256	1.40625	1.40625	10.0	1.0
461	256	256	1.484375	1.484375	10.0	1.0
137	192	256	1.40625	1.40625	10.0	1.0
482	192	256	1.40625	1.40625	10.0	1.0
160	192	256	1.5625	1.5625	10.0	1.0
462	192	256	1.78125	1.78125	10.0	0.42105263157894735
61	192	256	1.40625	1.40625	10.0	0.5
353	192	256	1.40625	1.40625	10.0	1.0
176	192	256	1.5625	1.5625	10.0	1.0
447	192	256	1.328125	1.328125	10.0	1.0
130	192	256	1.40625	1.40625	10.0	1.0
210	256	192	1.40625	1.40625	10.0	1.0
1	230	256	1.5625	1.5625	10.02	1.0
246	192	256	1.40625	1.40625	10.0	0.5
332	256	192	1.40625	1.40625	10.0	1.0
305	180	256	1.328125	1.328125	8.0	1.0
219	192	256	1.40625	1.40625	10.0	1.0
117	192	256	1.40625	1.40625	10.0	1.0
351	192	256	1.40625	1.40625	10.0	1.0
235	192	256	1.40625	1.40625	10.0	1.0
158	256	192	1.40625	1.40625	10.0	1.0
260	256	192	1.5625	1.5625	10.0	1.0
97	192	256	1.5625	1.5625	10.0	1.0
380	192	256	1.40625	1.40625	10.0	1.0
52	256	192	1.3085937649011674	1.3085937649011674	10.0	0.5714285714285714
179	192	256	1.5625	1.5625	10.0	1.0
448	256	192	1.296875	1.296875	10.0	0.5
285	192	256	1.0546874552965237	1.0546874552965237	7.98	0.6153846153846154
230	192	256	1.7890625149011725	1.7890625149011725	10.0	0.36363636363636365
22	192	256	1.25	1.25	10.0	1.0
148	256	218	1.40625	1.40625	10.02	1.0
312	192	256	1.40625	1.40625	10.0	1.0
419	192	256	1.3085937649011674	1.3085937649011674	10.0	0.5714285714285714
19	192	256	1.40625	1.40625	10.0	1.0
196	192	256	1.0546874552965237	1.0546874552965237	7.98	0.6153846153846154
354	192	256	1.7578125	1.7578125	10.0	1.0
452	192	256	1.5625	1.5625	10.0	1.0
303	192	256	1.328125	1.328125	10.0	1.0
386	192	256	1.40625	1.40625	10.0	1.0
232	204	256	1.328125	1.328125	10.0	1.0
499	192	256	1.40625	1.40625	10.0	0.5
478	256	192	1.5625	1.5625	10.0	1.0
204	192	256	1.40625	1.40625	10.0	1.0
239	192	256	1.40625	1.40625	10.0	0.5
491	192	256	1.40625	1.40625	10.02	1.0
147	192	256	1.5625	1.5625	10.0	1.0
175	192	256	1.40625	1.40625	10.0	1.0
328	192	256	1.5625	1.5625	10.0	1.0
276	192	256	1.40625	1.40625	10.0	1.0
82	218	256	1.484375	1.484375	10.0	1.0
495	192	256	1.7578125	1.7578125	10.0	1.0
107	192	256	1.40625	1.40625	10.0	1.0
457	256	192	1.40625	1.40625	10.0	1.0
201	192	256	1.40625	1.40625	10.0	1.0
278	192	256	1.40625	1.40625	10.0	0.5
159	192	256	1.40625	1.40625	10.0	1.0
79	192	256	1.296875	1.296875	10.0	0.5
256	192	256	1.40625	1.40625	10.0	1.0
216	192	256	1.40625	1.40625	10.0	1.0
408	256	192	1.40625	1.40625	10.0	1.0
464	192	256	1.5625	1.5625	10.0	1.0
434	192	256	1.66015625	1.66015625	8.0	1.0
195	256	192	1.640625	1.640625	10.0	1.0
38	192	256	1.5625	1.5625	10.0	1.0
236	192	256	1.5625	1.5625	10.0	1.0
113	218	256	1.640625	1.640625	10.0	1.0
384	192	256	1.40625	1.40625	10.02	1.0
428	256	192	1.40625	1.40625	10.0	1.0
376	192	256	1.40625	1.40625	10.0	1.0
197	256	192	1.5625	1.5625	10.0	1.0
59	192	256	1.5625	1.5625	10.0	1.0
35	230	256	1.5625	1.5625	10.02	1.0
334_b	192	256	1.40625	1.40625	10.0	0.5
200	192	256	1.40625	1.40625	10.0	1.0
140	192	256	1.03125	1.03125	7.98	0.7272727272727273
357	192	256	1.3085937649011674	1.3085937649011674	10.0	0.5714285714285714
145	192	256	1.5625	1.5625	10.0	1.0
87	192	256	1.40625	1.40625	10.0	0.5
185	192	256	1.5625	1.5625	10.0	1.0
460	192	256	1.40625	1.40625	10.0	0.5
126	256	192	1.3085937649011674	1.3085937649011674	10.0	0.5714285714285714
498	192	256	1.40625	1.40625	10.0	1.0
492	230	256	1.484375	1.484375	10.0	1.0
182	192	256	1.5625	1.5625	10.0	1.0
361	192	256	1.40625	1.40625	10.0	1.0
314	192	256	1.40625	1.40625	10.0	1.0
288	192	256	1.5625	1.5625	10.0	1.0
317	192	256	1.40625	1.40625	10.0	1.0
63	192	256	1.3085937649011674	1.3085937649011674	10.0	0.5714285714285714
264	192	256	1.296875	1.296875	10.0	0.5
99	256	192	1.40625	1.40625	10.0	1.0
231	256	192	1.40625	1.40625	10.0	1.0
307	192	256	1.03125	1.03125	6.0	0.7272727272727273
360	192	256	1.40625	1.40625	10.0	1.0
30	192	256	1.40625	1.40625	10.0	1.0
438	192	256	1.40625	1.40625	10.0	1.0
412	192	256	1.296875	1.296875	10.0	0.5
291	192	256	1.640625	1.640625	10.0	1.0
496	192	256	1.40625	1.40625	10.0	1.0
192	256	192	1.40625	1.40625	10.0	1.0
257	192	256	1.40625	1.40625	10.0	1.0
339	218	256	1.40625	1.40625	10.02	1.0
127	192	256	1.5625	1.5625	10.0	1.0
463	192	256	1.40625	1.40625	10.0	0.5
481	218	256	1.40625	1.40625	10.0	1.0
170	192	256	1.40625	1.40625	10.0	1.0
167	192	256	1.640625	1.640625	10.0	1.0
431	230	256	1.40625	1.40625	10.0	1.0
393	204	256	1.40234375	1.40234375	10.0	1.0
286	256	192	1.40625	1.40625	10.02	1.0
396	256	192	1.40625	1.40625	10.0	1.0
484	192	256	1.796875	1.796875	10.0	1.0
102	256	192	1.5625	1.5625	10.0	1.0
45	192	256	1.40625	1.40625	10.0	1.0
480	192	256	1.7578125	1.7578125	10.0	1.0
237	192	256	1.78125	1.78125	10.0	0.42105263157894735
133	256	192	1.5625	1.5625	10.0	1.0
362	230	256	1.484375	1.484375	10.0	1.0
178	192	256	1.328125	1.328125	10.0	1.0
136	184	256	1.40625	1.40625	10.0	0.5
109	192	256	1.40625	1.40625	10.0	1.0
141	192	256	1.40625	1.40625	10.0	1.0
125	192	256	1.3085937649011674	1.3085937649011674	10.0	0.5714285714285714
451	192	256	1.40625	1.40625	10.0	1.0
402	256	192	1.296875	1.296875	10.0	0.5
44	256	192	1.40625	1.40625	10.0	0.5
89	192	256	1.5234375	1.5234375	10.0	1.0
417	256	192	1.3085937649011674	1.3085937649011674	10.0	0.5714285714285714
454	192	256	1.40625	1.40625	10.0	1.0
245	192	256	1.40625	1.40625	10.0	1.0
487	256	192	1.484375	1.484375	10.0	1.0
497	256	192	1.40625	1.40625	10.02	1.0
187	192	256	1.40625	1.40625	10.0	1.0
436	256	256	1.5625	1.5625	10.02	1.0
486	192	256	1.3085937649011674	1.3085937649011674	10.0	0.5714285714285714
29	192	256	1.0546874552965237	1.0546874552965237	7.98	0.6153846153846154
4	192	256	1.40625	1.40625	10.0	1.0
240	192	256	1.3085937649011674	1.3085937649011674	10.0	0.5714285714285714
75	192	256	1.5625	1.5625	10.0	1.0
440	192	256	1.40625	1.40625	10.0	1.0
467	192	256	1.5625	1.5625	10.0	1.0
456	192	256	1.03125	1.03125	7.98	0.7272727272727273
283	192	256	1.40625	1.40625	8.04	1.0
333	192	256	1.40625	1.40625	10.0	1.0
37	256	192	1.40625	1.40625	10.0	0.5
330	192	256	1.40625	1.40625	10.0	0.5
468	192	256	1.40625	1.40625	10.0	1.0
241	256	192	1.3085937649011674	1.3085937649011674	10.0	0.5714285714285714
174	256	192	1.40625	1.40625	10.0	1.0
489	192	256	1.953125	1.953125	10.0	1.0
202	192	256	1.40625	1.40625	10.0	0.5
122	192	256	1.5625	1.5625	10.0	1.0
295	256	192	1.40625	1.40625	10.0	1.0
424	256	192	1.40625	1.40625	10.0	1.0
338	192	256	1.40625	1.40625	10.0	1.0
350	192	256	1.40625	1.40625	8.0	1.0
92	256	192	1.40625	1.40625	10.0	1.0
394	192	256	1.40625	1.40625	10.0	0.5
225	192	256	1.40625	1.40625	10.0	1.0
17	192	256	1.40625	1.40625	10.0	1.0
346	192	256	1.5625	1.5625	10.0	1.0
119	218	256	1.40625	1.40625	10.02	1.0
43	192	256	1.40625	1.40625	10.02	1.0
407	192	256	1.40625	1.40625	10.0	1.0
477	256	192	1.3085937649011674	1.3085937649011674	10.0	0.5714285714285714
343	256	192	1.5625	1.5625	10.0	1.0
400	256	192	1.03125	1.03125	7.98	0.7272727272727273
446	192	256	1.40625	1.40625	10.0	0.5
7	192	256	1.40625	1.40625	10.0	1.0
398	192	256	1.296875	1.296875	10.0	0.5
2	256	256	1.484375	1.484375	10.02	1.0
311	256	192	1.40625	1.40625	10.0	1.0
306	218	256	1.40625	1.40625	10.0	1.0
391	256	192	1.40625	1.40625	10.02	1.0
3	192	256	1.40625	1.40625	10.0	1.0
189	192	256	1.40625	1.40625	10.0	1.0
72	218	256	1.40625	1.40625	10.02	1.0
483	256	192	1.40625	1.40625	10.0	1.0
472	218	256	1.484375	1.484375	9.0	1.0
25	256	192	1.40625	1.40625	10.0	1.0
166	192	256	1.5625	1.5625	10.0	1.0
379	192	256	1.40625	1.40625	10.0	1.0
294	192	256	1.40625	1.40625	10.0	0.5
409	256	192	1.5625	1.5625	8.8	1.0
433	256	192	1.5625	1.5625	10.0	1.0
155	192	256	1.7890625149011725	1.7890625149011725	10.0	0.36363636363636365
410	192	256	1.5625	1.5625	10.0	1.0
78	192	256	1.40625	1.40625	10.0	1.0
226	256	256	1.5625	1.5625	10.0	1.0
382	256	256	1.5625	1.5625	10.0	1.0
40	256	218	1.40625	1.40625	10.02	1.0
244	192	256	1.40625	1.40625	10.0	0.5
265	192	256	1.40625	1.40625	10.0	0.5
459	192	256	1.40625	1.40625	10.0	0.5
150	192	256	1.40625	1.40625	10.0	1.0
143	218	256	1.40625	1.40625	10.0	1.0
318	192	256	1.40625	1.40625	10.0	1.0
315	256	208	1.296875	1.296875	10.0	0.5
249	192	256	1.40625	1.40625	10.0	0.5
55	192	256	1.5625	1.5625	10.0	1.0
50	192	256	1.296875	1.296875	10.0	0.5
334_a	192	256	1.40625	1.40625	10.0	0.5
132	192	256	1.40625	1.40625	10.02	1.0
74	192	256	1.40625	1.40625	10.0	1.0
48	192	256	1.40625	1.40625	10.0	1.0
299	192	256	1.40625	1.40625	10.0	1.0
429	192	256	1.7812499180436274	1.7812499180436274	10.0	0.34782608695652173
209	192	256	1.40625	1.40625	8.96	1.0
208	192	256	1.3085937649011674	1.3085937649011674	7.98	0.5714285714285714
250	192	256	1.484375	1.484375	10.0	1.0
413	192	256	1.40625	1.40625	10.0	0.5
450	192	256	1.5625	1.5625	10.0	1.0
49	256	192	1.5625	1.5625	10.0	1.0
173	192	256	1.40625	1.40625	8.4	1.0
254	192	256	1.5625	1.5625	10.0	1.0
69	192	256	1.40625	1.40625	10.0	0.5
33	192	256	1.5625	1.5625	10.0	1.0
441	192	256	1.40625	1.40625	10.0	0.5
405	192	256	1.40625	1.40625	10.0	0.5
473	192	256	1.296875	1.296875	10.0	0.5
449	192	256	1.40625	1.40625	10.0	0.5
71	192	256	1.40625	1.40625	10.0	1.0
302	192	256	1.5625	1.5625	10.0	1.0
36	192	256	1.40625	1.40625	10.02	1.0
304	192	256	1.3085937649011674	1.3085937649011674	10.0	0.5714285714285714
292	192	256	1.78125	1.78125	10.0	0.42105263157894735
365	192	256	1.40625	1.40625	10.0	1.0
70	192	256	1.40625	1.40625	10.0	1.0
404	230	256	1.40625	1.40625	10.0	1.0
84	192	256	1.3085937649011674	1.3085937649011674	10.0	0.5714285714285714
470	192	256	1.40625	1.40625	10.0	1.0
156	192	256	1.40625	1.40625	10.0	0.5
411	192	256	1.40625	1.40625	10.0	1.0
229	192	256	1.5625	1.5625	10.0	1.0
83	192	256	1.40625	1.40625	10.0	1.0
163	256	204	1.40625	1.40625	10.0	1.0
296	192	256	1.5625	1.5625	10.0	1.0
347	192	256	1.40625	1.40625	10.0	1.0
194	192	256	1.40625	1.40625	10.0	1.0
66	192	256	0.84375	0.84375	5.0	0.8888888888888888
154	256	192	1.40625	1.40625	10.0	1.0
207	230	256	1.484375	1.484375	10.02	1.0
281	256	192	1.03125	1.03125	7.98	0.7272727272727273
13	192	256	1.40625	1.40625	10.0	1.0
401	192	256	1.40625	1.40625	10.0	1.0
101	192	256	1.40625	1.40625	10.0	1.0
309	192	256	1.40625	1.40625	10.0	1.0
485	208	256	1.296875	1.296875	10.0	0.5
223	192	256	1.03125	1.03125	6.0	0.7272727272727273
77	192	256	1.40625	1.40625	10.0	1.0
39	192	256	1.03125	1.03125	7.98	0.7272727272727273
253	192	256	1.328125	1.328125	10.0	1.0
88	192	256	1.40625	1.40625	10.0	1.0
325	204	256	1.40625	1.40625	10.0	1.0
164	192	256	1.640625	1.640625	10.0	1.0
165	192	256	1.5625	1.5625	10.0	1.0
24	256	192	1.40625	1.40625	8.0	1.0
213	192	256	1.40625	1.40625	10.0	1.0
414	192	256	1.40625	1.40625	8.8	1.0
439	192	256	1.40625	1.40625	10.0	1.0
326	192	256	1.40625	1.40625	10.02	1.0
224	192	256	1.40625	1.40625	10.0	1.0
91	192	256	1.40625	1.40625	10.0	1.0
500	192	256	1.40625	1.40625	10.0	1.0
12	192	256	1.40625	1.40625	10.0	1.0
110	218	256	1.40625	1.40625	10.02	1.0
111	192	256	1.40625	1.40625	10.0	1.0
421	192	256	1.40625	1.40625	10.0	1.0
273	192	256	1.40625	1.40625	10.0	1.0
471	192	256	1.296875	1.296875	10.0	0.5
364	204	256	1.40625	1.40625	10.0	1.0
329	192	256	1.40625	1.40625	10.0	1.0
27	192	256	1.40625	1.40625	10.0	1.0
81	192	256	1.40625	1.40625	10.0	1.0
172	192	256	1.3085937649011674	1.3085937649011674	10.0	0.5714285714285714
9	256	192	1.40625	1.40625	10.0	1.0
378	256	256	1.328125	1.328125	10.0	1.0
387	192	256	1.7578125	1.7578125	10.0	1.0
193	192	256	1.40625	1.40625	10.0	0.5
426	192	256	1.40625	1.40625	10.0	1.0
198	192	256	1.40625	1.40625	10.0	1.0
349	256	192	1.40625	1.40625	10.0	1.0
272	192	256	1.03125	1.03125	7.98	0.7272727272727273
21	192	256	1.5625	1.5625	10.0	1.0
445	192	256	1.40625	1.40625	10.0	1.0
327	192	256	1.40625	1.40625	10.0	1.0
455	192	256	1.40625	1.40625	10.0	1.0
337	256	256	1.484375	1.484375	10.0	1.0
269	256	192	1.5625	1.5625	10.0	1.0
345	192	256	1.40625	1.40625	10.0	1.0
301	192	256	1.40625	1.40625	10.0	1.0
493	256	192	1.7890625149011725	1.7890625149011725	10.0	0.36363636363636365
18	256	192	1.40625	1.40625	10.0	1.0
475	192	256	1.40625	1.40625	10.0	1.0
67	192	256	1.40625	1.40625	10.0	1.0
114	256	192	1.40625	1.40625	10.0	1.0
322	256	192	1.296875	1.296875	10.0	0.5
280	256	192	1.71875	1.71875	10.0	1.0
573	192	256	1.3085937649011674	1.3085937649011674	10.0	0.5714285714285714
580	256	192	1.40625	1.40625	10.0	1.0
656	192	256	1.40625	1.40625	10.0	0.5
588	192	256	1.296875	1.296875	10.0	0.5
510	192	256	1.40625	1.40625	10.0	1.0
658	256	192	1.40625	1.40625	10.0	0.5
585	192	256	1.484375	1.484375	10.02	1.0
559	192	256	1.40625	1.40625	10.0	1.0
690	192	256	1.328125	1.328125	10.0	1.0
563	192	256	1.40625	1.40625	10.02	1.0
646	256	218	1.484375	1.484375	10.0	1.0
514	192	256	1.7578125	1.7578125	10.0	1.0
519	256	192	1.296875	1.296875	10.0	0.5
650	192	256	1.3085937649011674	1.3085937649011674	10.0	0.5714285714285714
666	256	192	1.40625	1.40625	10.0	0.5
602	256	192	1.40625	1.40625	10.0	1.0
661	192	256	1.40625	1.40625	10.0	1.0
636	192	256	1.5625	1.5625	10.0	1.0
678	256	192	1.40625	1.40625	10.0	1.0
612	192	256	1.0546874552965237	1.0546874552965237	7.98	0.6153846153846154
682	192	256	1.484375	1.484375	10.0	1.0
596	192	256	1.40625	1.40625	10.0	1.0
698	192	256	1.40625	1.40625	10.0	1.0
565	192	256	1.40625	1.40625	10.02	1.0
628	192	256	1.5625	1.5625	10.0	1.0
562	211	256	1.7890625149011725	1.7890625149011725	10.0	0.36363636363636365
610	218	256	1.40625	1.40625	10.0	1.0
665	192	256	1.40625	1.40625	10.0	1.0
597	256	192	0.812499970197675	0.812499970197675	6.0	0.8
508	256	192	1.40625	1.40625	10.0	1.0
548	192	256	1.40625	1.40625	10.0	0.5
607	192	256	1.40625	1.40625	10.0	1.0
560	192	256	1.5625	1.5625	10.0	1.0
538	192	256	1.40625	1.40625	10.0	1.0
681	192	256	1.40625	1.40625	10.0	0.5
544	192	256	1.40625	1.40625	10.0	1.0
569	256	192	1.5625	1.5625	10.0	1.0
529	192	256	1.5625	1.5625	10.0	1.0
644	192	256	1.40625	1.40625	10.0	0.5
599	192	256	1.40625	1.40625	10.0	0.5
554	192	256	1.40625	1.40625	10.0	1.0
624	218	256	1.40625	1.40625	10.02	1.0
687	256	192	1.40625	1.40625	10.0	1.0
675	256	192	1.40625	1.40625	10.0	1.0
503	192	256	1.40625	1.40625	8.8	1.0
655	192	256	1.40625	1.40625	10.0	1.0
696	192	256	1.484375	1.484375	10.02	1.0
574	192	256	1.0546874552965237	1.0546874552965237	7.98	0.6153846153846154
652	192	256	1.40625	1.40625	10.0	0.5
533	256	192	1.4453125	1.4453125	10.0	1.0
699	192	256	1.03125	1.03125	6.0	0.7272727272727273
611	192	256	1.328125	1.328125	10.0	1.0
635	192	256	1.40625	1.40625	10.0	1.0
603	192	256	1.40625	1.40625	10.0	1.0
676	192	256	1.7578125	1.7578125	10.0	1.0
634	192	256	0.8906249701976825	0.8906249701976825	6.0	0.7272727272727273
541	192	256	1.40625	1.40625	10.0	1.0
501	192	256	1.40625	1.40625	10.0	1.0
695	192	256	1.5625	1.5625	10.0	1.0
657	192	256	1.40625	1.40625	10.0	1.0
668	256	180	1.25	1.25	10.0	1.0
685	192	256	1.71875	1.71875	10.0	1.0
680	192	256	1.40625	1.40625	10.0	1.0
558	218	256	1.40625	1.40625	10.02	1.0
567	192	256	1.40625	1.40625	10.0	1.0
671	218	256	1.484375	1.484375	10.02	1.0
626	256	192	1.40625	1.40625	10.0	1.0
542	192	256	1.3085937649011674	1.3085937649011674	10.0	0.5714285714285714
640	256	192	1.40625	1.40625	10.0	1.0
664	256	192	1.40625	1.40625	10.0	0.5
536	192	256	1.5625	1.5625	10.0	1.0
613	192	256	1.40625	1.40625	10.0	0.5
520	256	192	1.40625	1.40625	10.0	1.0
639	256	192	0.8906249701976825	0.8906249701976825	6.0	0.7272727272727273
619_a	192	256	1.40625	1.40625	10.0	0.5
504	192	256	1.3085937649011674	1.3085937649011674	10.0	0.5714285714285714
564	256	192	1.296875	1.296875	10.0	0.5
674	192	256	1.40625	1.40625	10.0	1.0
659	192	256	1.5625	1.5625	10.0	1.0
621	192	256	1.40625	1.40625	10.0	1.0
608	192	256	1.40625	1.40625	10.0	1.0
642	192	256	1.5625	1.5625	10.0	1.0
641	192	256	1.40625	1.40625	10.0	1.0
582	192	256	1.5625	1.5625	10.0	1.0
667	256	192	1.5625	1.5625	10.0	1.0
627	192	256	1.40625	1.40625	10.0	1.0
623	192	256	1.5625	1.5625	10.0	1.0
570	192	256	1.40625	1.40625	10.02	1.0
512	192	256	1.40625	1.40625	10.0	1.0
700	256	192	1.40625	1.40625	10.02	1.0
600	256	192	1.296875	1.296875	10.0	0.5
505	256	192	1.5625	1.5625	10.0	1.0
647	218	256	1.40625	1.40625	10.0	1.0
649	192	256	1.3085937649011674	1.3085937649011674	8.0	0.5714285714285714
694	218	256	1.40625	1.40625	10.0	1.0
679	192	256	1.40625	1.40625	10.0	1.0
663	166	256	1.40625	1.40625	10.0	1.0
620	192	256	1.5625	1.5625	10.0	1.0
669	192	256	1.40625	1.40625	10.0	1.0
575	256	192	0.8437500149011588	0.8437500149011588	6.0	0.7272727272727273
684	192	256	1.0546874552965237	1.0546874552965237	6.0	0.6153846153846154
535	256	192	1.40625	1.40625	10.0	1.0
545	256	192	1.5625	1.5625	10.0	1.0
526	256	256	1.484375	1.484375	10.0	1.0
586	256	192	1.40625	1.40625	10.0	1.0
637	192	256	1.40625	1.40625	10.0	1.0
546	192	256	1.40625	1.40625	10.0	0.5
592	192	256	1.296875	1.296875	10.0	0.5
583	192	256	1.40625	1.40625	10.0	0.5
579	256	230	1.40625	1.40625	10.0	1.0
673	192	256	1.40625	1.40625	10.0	1.0
609	192	256	1.40625	1.40625	10.0	1.0
632	256	192	1.40625	1.40625	10.0	1.0
589	192	256	1.40625	1.40625	10.0	1.0
552	192	256	1.40625	1.40625	10.0	1.0
660	256	192	1.40625	1.40625	10.0	1.0
540	256	256	1.71875	1.71875	8.0	1.0
568	192	256	1.03125	1.03125	7.98	0.7272727272727273
651	192	256	1.0546874552965237	1.0546874552965237	6.0	0.6153846153846154
534	256	192	1.40625	1.40625	10.0	1.0
594	192	256	1.5625	1.5625	10.0	1.0
530	230	256	1.484375	1.484375	10.02	1.0
581	120	160	1.3500000238419	1.3500000238419	6.0	1.0
638	192	256	1.5625	1.5625	10.02	1.0
547	192	256	1.40625	1.40625	10.0	1.0
571	192	256	1.296875	1.296875	10.0	0.5
524	256	192	1.40625	1.40625	10.0	1.0
511	192	256	1.71875	1.71875	10.0	1.0
550	192	256	1.40625	1.40625	10.0	1.0
527	192	256	1.40625	1.40625	10.0	0.5
509	192	256	1.40625	1.40625	10.0	1.0
670	256	192	1.40625	1.40625	10.02	1.0
576	192	256	1.40625	1.40625	10.0	1.0
618	192	256	1.0546874552965237	1.0546874552965237	7.98	0.6153846153846154
662	192	256	1.40625	1.40625	10.02	1.0
516_b	208	256	1.40625	1.40625	10.0	0.5
516_a	208	256	1.40625	1.40625	10.0	0.5
593	192	256	1.0546874552965237	1.0546874552965237	6.0	0.6153846153846154
625	192	256	1.40625	1.40625	10.0	1.0
601	192	256	1.5625	1.5625	10.0	1.0
537	218	256	1.40625	1.40625	10.02	1.0
528	192	256	1.40625	1.40625	10.0	1.0
502	192	256	1.40625	1.40625	10.0	1.0
654	192	256	1.3085937649011674	1.3085937649011674	10.0	0.5714285714285714
688	256	218	1.5625	1.5625	10.02	1.0
615	256	192	1.40625	1.40625	10.0	1.0
622	256	192	1.03125	1.03125	7.98	0.7272727272727273
591	192	256	1.78125	1.78125	10.0	0.42105263157894735
619_b	192	256	1.40625	1.40625	10.0	0.5
543	192	256	1.40625	1.40625	10.0	1.0
572	192	256	1.40625	1.40625	10.0	0.5
539	192	256	1.5625	1.5625	10.0	1.0
616	192	256	1.40625	1.40625	10.02	1.0
598	256	192	1.40625	1.40625	10.0	0.5
553	192	256	1.40625	1.40625	10.0	1.0
584	192	256	1.40625	1.40625	10.0	1.0
614	208	256	1.40625	1.40625	10.0	0.5
506	192	256	1.3085937649011674	1.3085937649011674	10.0	0.5714285714285714
689	256	192	1.40625	1.40625	10.0	1.0
630	192	256	1.40625	1.40625	10.0	1.0
692	256	256	1.40625	1.40625	8.0	1.0
556	256	192	1.40625	1.40625	10.02	1.0
629	256	256	1.71875	1.71875	10.0	1.0
697	256	192	1.40625	1.40625	10.0	1.0
515	192	256	1.40625	1.40625	10.0	1.0
683	218	256	1.40625	1.40625	10.0	1.0
513	256	192	1.328125	1.328125	10.02	1.0
643	256	216	1.5625	1.5625	10.0	1.0
693	192	256	1.40625	1.40625	10.0	1.0
645	192	256	1.40625	1.40625	10.0	1.0
587	192	256	1.40625	1.40625	10.0	1.0
557	192	256	1.40625	1.40625	10.0	1.0
521	256	192	1.40625	1.40625	10.0	1.0
617	256	192	1.40625	1.40625	10.0	1.0
551	256	192	1.40625	1.40625	10.0	1.0
691	256	192	1.328125	1.328125	10.0	1.0
653	256	192	1.5625	1.5625	10.0	1.0
555	192	256	1.484375	1.484375	10.0	1.0
578	256	192	1.5625	1.5625	10.0	1.0
517	192	256	0.8437500149011624	0.8437500149011624	6.0	0.8
633	192	256	1.40625	1.40625	10.0	1.0
648	192	256	1.5625	1.5625	10.0	1.0
605	192	256	1.40625	1.40625	10.0	1.0
523	256	192	1.40625	1.40625	10.0	1.0
532	218	256	1.40625	1.40625	10.02	1.0
631	192	256	1.40625	1.40625	10.0	1.0
577	192	256	1.40625	1.40625	10.0	1.0
595	192	256	1.7890625149011725	1.7890625149011725	10.0	0.36363636363636365
686	192	256	1.40625	1.40625	10.0	1.0
606	192	256	1.40625	1.40625	10.0	1.0
566	256	256	1.78125	1.78125	10.0	0.42105263157894735
531	192	256	1.40625	1.40625	10.0	1.0
518	192	256	1.40625	1.40625	10.0	1.0
672	192	256	1.40625	1.40625	10.0	1.0
507	192	256	1.40625	1.40625	10.0	1.0
604	192	256	1.40625	1.40625	10.0	1.0
549	192	256	1.5625	1.5625	10.0	1.0
561	192	256	1.40625	1.40625	10.0	1.0
522	208	256	1.296875	1.296875	10.0	0.5
677	192	256	1.40625	1.40625	10.0	1.0
590	192	256	1.40625	1.40625	10.0	0.5
525	192	256	1.40625	1.40625	10.0	1.0
